page,section,field,kind,key,copy
Activity,Header,Page title,label,quickbooks.activity.title,Activity
Activity,Recent syncs,Activity table,empty state,quickbooks.activity.empty,"No syncs yet. Connect on Connection, then choose Sync now on Actions or wait for the schedule."
Activity,Recent syncs,Activity table,empty state,quickbooks.activity.loading,Loading sync activity.
Activity,Recent syncs,Activity table,error,quickbooks.activity.load-failed,Sync activity could not be loaded.
Activity,Recent syncs,Aligned,label,quickbooks.activity.columns.aligned,Aligned
Activity,Recent syncs,Created,label,quickbooks.activity.columns.created,Created
Activity,Recent syncs,Direction,label,quickbooks.activity.columns.direction,Direction
Activity,Recent syncs,Direction,label,quickbooks.activity.direction.outbound,To QuickBooks
Activity,Recent syncs,Direction,label,quickbooks.activity.direction.inbound,From QuickBooks
Activity,Recent syncs,Failed,label,quickbooks.activity.columns.failed,Failed
Activity,Recent syncs,Linked,label,quickbooks.activity.columns.linked,Linked
Activity,Recent syncs,Recent syncs,label,quickbooks.activity.recent,Recent syncs
Activity,Recent syncs,Skipped,label,quickbooks.activity.columns.skipped,Skipped
Activity,Recent syncs,Status,label,quickbooks.activity.columns.status,Status
Activity,Recent syncs,Status,label,quickbooks.activity.status.skipped,Skipped
Activity,Recent syncs,Status,label,quickbooks.activity.status.finished,Finished
Activity,Recent syncs,Status,label,quickbooks.activity.status.running,Running
Activity,Recent syncs,Status,label,quickbooks.activity.status.failed,Failed
Activity,Recent syncs,Status,label,quickbooks.activity.status.pending,Pending
Activity,Recent syncs,Trigger,label,quickbooks.activity.columns.trigger,Trigger
Activity,Recent syncs,Trigger,label,quickbooks.activity.trigger.scheduled,Scheduled
Activity,Recent syncs,Trigger,label,quickbooks.activity.trigger.now,Sync now
Activity,Recent syncs,Trigger,label,quickbooks.activity.trigger.manual,Reconcile
Activity,Recent syncs,Trigger,label,quickbooks.activity.trigger.import,Import customers
Activity,Recent syncs,Trigger,label,quickbooks.activity.trigger.catalog,Customer catalog
Activity,Recent syncs,Trigger,label,quickbooks.activity.trigger.drain,Continued sync
Activity,Recent syncs,Unmatched,label,quickbooks.activity.columns.unmatched,Unmatched
Activity,Recent syncs,Updated,label,quickbooks.activity.columns.updated,Updated
Activity,Recent syncs,Voided,label,quickbooks.activity.columns.voided,Voided
Activity,Recent syncs,When,label,quickbooks.activity.columns.when,When
Connection,Actions,Actions,error,quickbooks.actions.credentials-missing,Enter Client ID and Client secret on Connection before these actions.
Connection,Actions,Actions,helper,quickbooks.actions.description,"Sync now sends customers, invoices, payments, and wallets that are waiting. Reconcile syncs one page of invoices already in Fleetbase. It does not go through every customer or wallet. It does not import QuickBooks invoices that are not already in Fleetbase, and it does not delete QuickBooks records."
Connection,Actions,Actions,label,quickbooks.actions.title,Actions
Connection,Actions,Connection status,empty state,quickbooks.connection.disconnected-actions,"Not connected. Open Connection and choose Connect to QuickBooks. Fleetbase then syncs customers, invoices, payments, and wallets with QuickBooks Online."
Connection,Actions,Connection status,error,quickbooks.connection.reauth-actions,QuickBooks needs to be connected again before sync can continue. Open Connection and choose Connect to QuickBooks.
Connection,Actions,Import customers,button,quickbooks.actions.import,Import customers
Connection,Actions,Import customers,helper,quickbooks.actions.import-rules,"Import customers skips inactive customers and sub-customers. Existing Fleetbase names, emails, and phones are left as they are."
Connection,Actions,Import customers,label,quickbooks.actions.import-queued,Customer import queued.
Connection,Actions,Reconcile,button,quickbooks.actions.reconcile,Reconcile
Connection,Actions,Reconcile,label,quickbooks.actions.reconcile-queued,Reconcile queued.
Connection,Actions,Sync now,button,quickbooks.actions.sync-now,Sync now
Connection,Actions,Sync now,label,quickbooks.actions.sync-queued,Sync queued.
Connection,Auth,Authentication,label,quickbooks.settings.authentication,Authentication
Connection,Auth,Client ID,error,quickbooks.validation.client-id,Enter the Client ID from developer.intuit.com → your app → Keys & credentials.
Connection,Auth,Client ID,helper,quickbooks.settings.hints.client-id,"On Keys & credentials. Use the Development Client ID with Sandbox, and the Production Client ID with the live organization."
Connection,Auth,Client ID,label,quickbooks.settings.fields.client-id,Client ID
Connection,Auth,Client secret,error,quickbooks.validation.client-secret,Enter the Client secret shown next to the Client ID on Keys & credentials.
Connection,Auth,Client secret,helper,quickbooks.settings.client-secret-help,"On Keys & credentials, next to the Client ID. Stored encrypted."
Connection,Auth,Client secret,helper,quickbooks.settings.client-secret-placeholder,A secret is saved
Connection,Auth,Client secret,helper,quickbooks.settings.client-secret-saved,A Client secret is already saved. Leave this blank to keep it.
Connection,Auth,Client secret,label,quickbooks.settings.client-secret,Client secret
Connection,Auth,Getting your QuickBooks credentials,helper,quickbooks.settings.credentials-step-keys,Sign in at developer.intuit.com and open Keys & credentials.
Connection,Auth,Getting your QuickBooks credentials,helper,quickbooks.settings.credentials-step-form,Complete the form using the data from QuickBooks.
Connection,Auth,Getting your QuickBooks credentials,helper,quickbooks.settings.credentials-step-redirect,"Under Redirect URIs, paste the Public OAuth Redirect URL."
Connection,Auth,Getting your QuickBooks credentials,helper,quickbooks.settings.credentials-step-save,"Choose Save Changes, then Connect to QuickBooks. Connect uses the saved keys."
Connection,Auth,Getting your QuickBooks credentials,label,quickbooks.settings.credentials-title,Getting your QuickBooks credentials
Connection,Auth,Internal Oauth Redirect URL,helper,quickbooks.settings.urls.internal-oauth-hint,QuickBooks returns here after sign-in.
Connection,Auth,Internal Oauth Redirect URL,label,quickbooks.settings.urls.internal-oauth,Internal Oauth Redirect URL
Connection,Auth,Internal Webhook Receiver URL,helper,quickbooks.settings.urls.internal-webhook-hint,Intuit posts webhooks to this address.
Connection,Auth,Internal Webhook Receiver URL,label,quickbooks.settings.urls.internal-webhook,Internal Webhook Receiver URL
Connection,Auth,Public OAuth Redirect URL,helper,quickbooks.settings.urls.public-oauth-hint,Paste this into Intuit Redirect URIs.
Connection,Auth,Public OAuth Redirect URL,label,quickbooks.settings.urls.public-oauth,Public OAuth Redirect URL
Connection,Auth,Public Webhook Receiver URL,helper,quickbooks.settings.urls.public-webhook-hint,Paste this into the Intuit webhook Endpoint URL.
Connection,Auth,Public Webhook Receiver URL,label,quickbooks.settings.urls.public-webhook,Public Webhook Receiver URL
Connection,Auth,Sandbox or Production,error,quickbooks.validation.environment,"Choose Sandbox for Development keys, or Production for the live organization."
Connection,Auth,Sandbox or Production,helper,quickbooks.settings.hints.environment,Sandbox uses the Development keys and a sandbox organization. Production uses the Production keys and the live QuickBooks Online organization.
Connection,Auth,Sandbox or Production,label,quickbooks.settings.fields.environment,Sandbox or Production
Connection,Auth,Sandbox or Production,label,quickbooks.settings.options.sandbox,Sandbox
Connection,Auth,Sandbox or Production,label,quickbooks.settings.options.production,Production
Connection,Auth,Webhook verifier token,helper,quickbooks.settings.verifier-help,Intuit signs webhooks with this token. Stored encrypted. Leave blank to keep it.
Connection,Auth,Webhook verifier token,helper,quickbooks.settings.verifier-placeholder,A verifier token is saved
Connection,Auth,Webhook verifier token,helper,quickbooks.settings.verifier-saved,A verifier token is already saved. Leave this blank to keep it.
Connection,Auth,Webhook verifier token,label,quickbooks.settings.verifier,Webhook verifier token
Connection,Data resolution,Accounts / Wallets,error,quickbooks.validation.direction-wallet,"Choose Both, To QuickBooks, or From QuickBooks for Accounts / Wallets."
Connection,Data resolution,Accounts / Wallets,label,quickbooks.settings.entities.wallet,Accounts / Wallets
Connection,Data resolution,Customers,error,quickbooks.validation.direction-customer,"Choose Both, To QuickBooks, or From QuickBooks for Customers."
Connection,Data resolution,Customers,label,quickbooks.settings.import-on-connect,"On connect, copy QuickBooks customers into Fleetbase once, only when Customers is enabled in Data Resolution. If Customers is off, the import is skipped. Inactive customers and sub-customers are skipped. Existing Fleetbase names, emails, and phones are left as they are."
Connection,Data resolution,Customers,label,quickbooks.settings.entities.customer,Customers
Connection,Data resolution,Data resolution,helper,quickbooks.settings.data-resolution-description,"Controls the data to be synchronized, the data that should be accepted in the event of a conflict, and the directionality of the synchronization."
Connection,Data resolution,Data resolution,label,quickbooks.settings.data-resolution,Data Resolution
Connection,Data resolution,Enable,label,quickbooks.settings.enable,Enable
Connection,Data resolution,Enable,label,quickbooks.settings.entity-enable,{entity} Enable
Connection,Data resolution,Invoices,error,quickbooks.validation.direction-invoice,"Choose Both, To QuickBooks, or From QuickBooks for Invoices."
Connection,Data resolution,Invoices,label,quickbooks.settings.entities.invoice,Invoices
Connection,Data resolution,Payments,error,quickbooks.validation.direction-payment,"Choose Both, To QuickBooks, or From QuickBooks for Payments."
Connection,Data resolution,Payments,label,quickbooks.settings.entities.payment,Payments
Connection,Data resolution,Primary,error,quickbooks.validation.choice,Choose one of the listed options.
Connection,Data resolution,Primary,helper,quickbooks.settings.primary-help,"Which system wins when records differ, and which supplies identifiers."
Connection,Data resolution,Primary,label,quickbooks.settings.primary,Primary
Connection,Data resolution,Primary,label,quickbooks.settings.entity-primary,{entity} Primary
Connection,Data resolution,Primary,label,quickbooks.settings.options.fleetbase,Fleetbase
Connection,Data resolution,Primary,label,quickbooks.settings.options.quickbooks,QuickBooks
Connection,Data resolution,Sync direction,helper,quickbooks.settings.sync-direction-help,To QuickBooks sends from Fleetbase. From QuickBooks updates Fleetbase.
Connection,Data resolution,Sync direction,label,quickbooks.settings.sync-direction,Sync direction
Connection,Data resolution,Sync direction,label,quickbooks.settings.entity-sync-direction,{entity} Sync direction
Connection,Data resolution,Sync direction,label,quickbooks.settings.options.both,Both
Connection,Data resolution,Sync direction,label,quickbooks.settings.options.outbound,To QuickBooks
Connection,Data resolution,Sync direction,label,quickbooks.settings.options.inbound,From QuickBooks
Connection,Header,Page title,label,quickbooks.connection.title,Connection
Connection,Header,Save Changes,button,quickbooks.settings.save,Save Changes
Connection,Header,Save Changes,label,quickbooks.settings.saved,QuickBooks settings saved.
Connection,Header,Settings load,error,quickbooks.connection.settings-unavailable,QuickBooks settings could not be loaded.
Connection,Home currency,Existing wallet,helper,quickbooks.connection.home-currency-existing,An existing wallet is still sent.
Connection,Home currency,Home currency,label,quickbooks.connection.home-currency,Home currency is {currency}.
Connection,Home currency,Invoices,helper,quickbooks.connection.home-currency-invoices,Invoices in another currency are not sent and show as failed in Activity.
Connection,Home currency,Primary,helper,quickbooks.connection.home-currency-primary,"When QuickBooks is Primary, the account currency is copied onto the wallet."
Connection,Home currency,Wallets,helper,quickbooks.connection.home-currency-wallet,A wallet in another currency fails only when Fleetbase is creating a new QuickBooks account and QuickBooks is not Primary.
Connection,Home currency,Where to find it,helper,quickbooks.connection.home-currency-where,In QuickBooks: gear → Account and settings → Advanced → Currency.
Connection,Schedule,Full Sync Frequency (hours),error,quickbooks.validation.periodic-interval-hours,"Enter a whole number of hours, at least 1."
Connection,Schedule,Full Sync Frequency (hours),helper,quickbooks.settings.hints.periodic-interval-hours,Customer catalog uses this slower interval. Pending records use the minutes interval.
Connection,Schedule,Full Sync Frequency (hours),label,quickbooks.settings.fields.periodic-interval-hours,Full Sync Frequency (hours)
Connection,Schedule,Retry attempts,error,quickbooks.validation.retry-limit,"Enter a whole number of retry attempts, at least 1."
Connection,Schedule,Retry attempts,helper,quickbooks.settings.hints.retry-limit,Retries after a failure. Later tries wait longer.
Connection,Schedule,Retry attempts,label,quickbooks.settings.fields.retry-limit,Retry attempts
Connection,Schedule,Retry Delay (seconds),error,quickbooks.validation.retry-delay,"Enter a whole number of seconds for Retry Delay, at least 5."
Connection,Schedule,Retry Delay (seconds),helper,quickbooks.settings.hints.retry-delay,"Seconds before the first retry. Later tries wait longer, up to 15 minutes."
Connection,Schedule,Retry Delay (seconds),label,quickbooks.settings.fields.retry-delay,Retry Delay (seconds)
Connection,Schedule,Schedule,label,quickbooks.settings.schedule,Schedule
Connection,Schedule,Sync Frequency (minutes),error,quickbooks.validation.interval-minutes,"Enter a whole number of minutes, at least 1."
Connection,Schedule,Sync Frequency (minutes),helper,quickbooks.settings.hints.interval-minutes,Defines the time between possible sync operations. Sync operations will only occur when there is data to sync.
Connection,Schedule,Sync Frequency (minutes),label,quickbooks.settings.fields.interval-minutes,Sync Frequency (minutes)
Connection,Status,Connect,button,quickbooks.connection.connect,Connect to QuickBooks
Connection,Status,Connect,error,quickbooks.connection.connect-failed,Unable to start QuickBooks connection.
Connection,Status,Connect,label,quickbooks.connection.connected-toast,Connected to QuickBooks.
Connection,Status,Connection status,empty state,quickbooks.connection.loading,Loading QuickBooks connection.
Connection,Status,Connection status,empty state,quickbooks.connection.disconnected-status,"Not connected. Choose Connect to QuickBooks. Fleetbase then syncs customers, invoices, payments, and wallets with QuickBooks Online."
Connection,Status,Connection status,error,quickbooks.connection.unavailable,QuickBooks status could not be loaded.
Connection,Status,Connection status,error,quickbooks.connection.reauth-status,QuickBooks needs to be connected again before sync can continue. Choose Connect to QuickBooks.
Connection,Status,Connection status,label,quickbooks.connection.connected,Connected to QuickBooks organization {realm} ({environment}).
Connection,Status,Connection status,label,quickbooks.connection.connected-plain,Connected to QuickBooks organization {realm}.
Connection,Status,Disconnect,button,quickbooks.connection.disconnect,Disconnect
Connection,Status,Disconnect,label,quickbooks.connection.disconnected-toast,QuickBooks disconnected.
Connection,Status,OAuth,error,quickbooks.connection.oauth-cancelled,QuickBooks connection was cancelled.
Connection,Status,OAuth,error,quickbooks.connection.oauth-expired,That QuickBooks authorization expired. Connect again from Connection.
Connection,Status,OAuth,error,quickbooks.connection.oauth-failed,QuickBooks could not connect. Try again from Connection.
Connection,Status,Test connection,button,quickbooks.connection.test,Test connection
Connection,Status,Test connection,error,quickbooks.connection.test-failed,QuickBooks connection failed.
Connection,Status,Test connection,label,quickbooks.connection.test-ok,QuickBooks connection works.
Connection,Status,Test connection,label,quickbooks.connection.test-ok-named,Connected to {company}.
menu,Header,QuickBooks,helper,not translated: extension.js registers this before ember-intl is available,"Sync customers, invoices, payments, and wallets with QuickBooks Online."
menu,Header,QuickBooks,menu,not translated: extension.js registers this before ember-intl is available,QuickBooks
menu,Settings,Activity,menu,not translated: extension.js registers this before ember-intl is available,Activity
menu,Settings,Connection,menu,not translated: extension.js registers this before ember-intl is available,Connection
menu,Settings,Quickbooks Settings,menu,not translated: extension.js registers this before ember-intl is available,Quickbooks Settings
menu,Sidebar,Quickbooks Settings,menu,quickbooks.menu.settings,Quickbooks Settings
menu,Widget picker,Category,menu,not translated: extension.js registers this before ember-intl is available,QuickBooks
menu,Widget picker,QuickBooks Sync,helper,not translated: extension.js registers this before ember-intl is available,"Shows the last sync, how many customers, invoices, payments, and wallets are waiting, and Sync now."
menu,Widget picker,QuickBooks Sync,menu,not translated: extension.js registers this before ember-intl is available,QuickBooks Sync
widget,Header,Refresh,label,quickbooks.widget.refresh,Refresh QuickBooks status
widget,Header,Title,label,quickbooks.widget.title,QuickBooks Sync
widget,Last sync,Last sync,empty state,quickbooks.widget.no-sync,No sync yet
widget,Last sync,Last sync,label,quickbooks.widget.last-sync,Last sync
widget,Records waiting,Queue count,label,quickbooks.widget.waiting,{count} waiting
widget,Records waiting,Records waiting,label,quickbooks.widget.records-waiting,Records waiting
widget,Status,Status,empty state,quickbooks.widget.loading,Loading QuickBooks status.
widget,Status,Status,empty state,quickbooks.widget.disconnected,Not connected
widget,Status,Status,error,quickbooks.widget.unavailable,QuickBooks status is unavailable.
widget,Status,Status,error,quickbooks.widget.reauth,Connect QuickBooks again
widget,Status,Status,label,quickbooks.widget.connected,Connected
widget,Sync now,Sync now,error,quickbooks.widget.credentials-missing,Enter Client ID and Client secret on Connection before Sync now.
